iter	RMSE
0	35277.10748
1	35128.33543
2	34975.45804
3	34823.71491
4	34676.09133
5	34531.39243
6	34388.98167
7	34246.28628
8	34105.28451
9	33964.79938
10	33828.09656
11	33691.98266
12	33558.45845
13	33427.08633
14	33296.882
15	33168.77254
16	33043.19547
17	32918.93533
18	32796.83739
19	32675.97012
20	32556.62064
21	32434.97961
22	32319.57158
23	32206.15197
24	32095.71516
25	31985.59215
26	31875.24835
27	31764.45283
